act,act_id,return_prob
education,7,0.7458445091762081
entertainment,5,0.5941346594716609
medical,8,0.5751689638656804
office,2,0.7795543140647474
other,9,0.622349016233039
residential,0,0.8553802466554034
restaurant,3,0.4933314773409429
service,4,0.6868242064876178
shopping,1,0.5572424425229573
transportation,6,0.6387191662814641
